dialog_id,participant_index,ID
af36ac2aa9734738bbd533db8e5fb43a,0,af36ac2aa9734738bbd533db8e5fb43a_0
cdc2c5c605144c8e8dd5e9ea3d1352fc,0,cdc2c5c605144c8e8dd5e9ea3d1352fc_0
ed19efdedcb24600aea67c968aba5520,0,ed19efdedcb24600aea67c968aba5520_0
f2ea031960cf4454b4596d94cbee021e,0,f2ea031960cf4454b4596d94cbee021e_0
d948808cda4944cd838f88308a9ecd8b,0,d948808cda4944cd838f88308a9ecd8b_0
e2471e582715423aa906e4e99597c5ac,0,e2471e582715423aa906e4e99597c5ac_0
bd67234d1a8e4bc189b8e23e2b569fa7,0,bd67234d1a8e4bc189b8e23e2b569fa7_0
dac8fa9f618946af8420301c6532ad5d,0,dac8fa9f618946af8420301c6532ad5d_0
b131a6d1a3b74a228b19125a50574b4d,0,b131a6d1a3b74a228b19125a50574b4d_0
5b0ba02970d64795b11dd810255754ee,0,5b0ba02970d64795b11dd810255754ee_0
aaf7ba7752794c32aeda39d31246307a,0,aaf7ba7752794c32aeda39d31246307a_0
72c7efccbd434f2a9a4c63f0d579356c,0,72c7efccbd434f2a9a4c63f0d579356c_0
8e9e95a13f194d9eb1e130a419ea7869,0,8e9e95a13f194d9eb1e130a419ea7869_0
4275718792124ba1b07078a428e96d71,0,4275718792124ba1b07078a428e96d71_0
838a6c9afa98486a8c62fcc54d508e96,0,838a6c9afa98486a8c62fcc54d508e96_0
97a587a5579047d5a289864e97b39453,0,97a587a5579047d5a289864e97b39453_0
6327f316231d40fbad110e940775514f,0,6327f316231d40fbad110e940775514f_0
b4cd3e31d4ba4cf9808c01b53b6332aa,0,b4cd3e31d4ba4cf9808c01b53b6332aa_0
cc594d7907804e84b52a0bcded531a62,0,cc594d7907804e84b52a0bcded531a62_0
4f5a32c96b824f41b2ffadba3495d58d,0,4f5a32c96b824f41b2ffadba3495d58d_0
2cb2cdb19ff3411f85b578f55d89d650,0,2cb2cdb19ff3411f85b578f55d89d650_0
75cc5e06f40a4ab7a8ba1577485e3708,0,75cc5e06f40a4ab7a8ba1577485e3708_0
2c10ed39d9c7413d9e3a658dd876a0db,0,2c10ed39d9c7413d9e3a658dd876a0db_0
4d3de5b78ffb4ec7ac7d5acd77946a2d,0,4d3de5b78ffb4ec7ac7d5acd77946a2d_0
c9bac672cc364eeeac367a6b21b3ef29,0,c9bac672cc364eeeac367a6b21b3ef29_0
6d342f871ca34433954df514a9bbed42,0,6d342f871ca34433954df514a9bbed42_0
77fe277ef8ba40fcab7282aad89cf77a,0,77fe277ef8ba40fcab7282aad89cf77a_0
de1235a9528b4b9d83d5fbfb8dbe6ada,0,de1235a9528b4b9d83d5fbfb8dbe6ada_0
e698984d4b1f4c07ad204a75b79e9b8b,0,e698984d4b1f4c07ad204a75b79e9b8b_0
d6765b6c90b7425ea464e5c3e250b873,0,d6765b6c90b7425ea464e5c3e250b873_0
a5f9556b3625447eb10c985cab5f038e,0,a5f9556b3625447eb10c985cab5f038e_0
3722c584edf34e7497f33c83872990d7,0,3722c584edf34e7497f33c83872990d7_0
1070ffc501b3404aae501ce77ffc2e74,0,1070ffc501b3404aae501ce77ffc2e74_0
d7d2e35f70404453aa3556c7a9a37bf7,0,d7d2e35f70404453aa3556c7a9a37bf7_0
48a90e46ad5f44d9b975f6dbda3fa1c4,0,48a90e46ad5f44d9b975f6dbda3fa1c4_0
75bf853c1009452ea798bde09ddca96f,0,75bf853c1009452ea798bde09ddca96f_0
1147c9722e334a90a4ff627d5e40638c,0,1147c9722e334a90a4ff627d5e40638c_0
e3005ae3a047490d9b2c019e7280d212,0,e3005ae3a047490d9b2c019e7280d212_0
40e7ebb35e8a4f1089c4de799a942895,0,40e7ebb35e8a4f1089c4de799a942895_0
dbf63002a33c4183bc085581cfbd4366,0,dbf63002a33c4183bc085581cfbd4366_0
5e094fece9c249ecbeecb1b829cf5ef9,0,5e094fece9c249ecbeecb1b829cf5ef9_0
b191ba30fb96410d8e18198ae5125152,0,b191ba30fb96410d8e18198ae5125152_0
02f44e0ff9ab47a1ae060e9d7ac10cd7,0,02f44e0ff9ab47a1ae060e9d7ac10cd7_0
c372ad8bd4d34eee93af030e68a61ac7,0,c372ad8bd4d34eee93af030e68a61ac7_0
6dbbf719a73e4439835c1e8837249f00,0,6dbbf719a73e4439835c1e8837249f00_0
d39ceee3f7d44baaa748f50435fb64a5,0,d39ceee3f7d44baaa748f50435fb64a5_0
e298b53542d443e3b12be25876948226,0,e298b53542d443e3b12be25876948226_0
e5000636472f4e09a292fccde0d828b5,0,e5000636472f4e09a292fccde0d828b5_0
0696301195b043ef9ecb5d80187f6edd,0,0696301195b043ef9ecb5d80187f6edd_0
4d9df9374d13415d8717a09e4de67983,0,4d9df9374d13415d8717a09e4de67983_0
621d5e85990e4c4abc8cd6f2667396e0,0,621d5e85990e4c4abc8cd6f2667396e0_0
72d6f24efcb640d5b193d6219ecfcdab,0,72d6f24efcb640d5b193d6219ecfcdab_0
bf3515f7f41d49d4be2ca05ec0a19c25,0,bf3515f7f41d49d4be2ca05ec0a19c25_0
9ff3153d2e9f41b1bc66a7e99f9098b0,0,9ff3153d2e9f41b1bc66a7e99f9098b0_0
fd940768853241689f494423ac3f5e5d,0,fd940768853241689f494423ac3f5e5d_0
e53c3d1f33944074b74ffd97ff36dc24,0,e53c3d1f33944074b74ffd97ff36dc24_0
cebde6404256425583fac5ed89b1b48c,0,cebde6404256425583fac5ed89b1b48c_0
be0682d9377741c1977957d57d396c78,0,be0682d9377741c1977957d57d396c78_0
601f74054da44ffd91097f26f1112e9c,0,601f74054da44ffd91097f26f1112e9c_0
c5688580315349169e030a8711627cba,0,c5688580315349169e030a8711627cba_0
bea2732647af474d892e9c2749857bc6,0,bea2732647af474d892e9c2749857bc6_0
572ac24eb83e4e40b1e60f6beefb7133,0,572ac24eb83e4e40b1e60f6beefb7133_0
3b547cfcf7e34660bdfb3b4eafdc8dec,0,3b547cfcf7e34660bdfb3b4eafdc8dec_0
546b7eecf7b048b59c5fb19cebeca99a,0,546b7eecf7b048b59c5fb19cebeca99a_0
a10d6fc242a44d1faabd9bc468fa3e11,0,a10d6fc242a44d1faabd9bc468fa3e11_0
2f4e1cc058f14fcb915722c0f284be7b,0,2f4e1cc058f14fcb915722c0f284be7b_0
3afef95d99af454d9e37d22147382bf7,0,3afef95d99af454d9e37d22147382bf7_0
69cf86a8340c4d09ab67f79a711a7990,0,69cf86a8340c4d09ab67f79a711a7990_0
8cdaf0286cd240e4bb30a64aa422bb2c,0,8cdaf0286cd240e4bb30a64aa422bb2c_0
bcfe7e1831ac4bca86c9872c6e57ae33,0,bcfe7e1831ac4bca86c9872c6e57ae33_0
195a05c516544f4eb620f110e27a6519,0,195a05c516544f4eb620f110e27a6519_0
98122ff0d4d54d71b2ddacee7207cbb6,0,98122ff0d4d54d71b2ddacee7207cbb6_0
a323c39d4a8443c9b2b90598a1fb8097,0,a323c39d4a8443c9b2b90598a1fb8097_0
07a22f4e3f824384bf588b01fa41277a,0,07a22f4e3f824384bf588b01fa41277a_0
571d3fb21092490fa47d96dc74801109,0,571d3fb21092490fa47d96dc74801109_0
fa0aaced05be4f919582c5b7defe680b,0,fa0aaced05be4f919582c5b7defe680b_0
dc91e144404541a8844b3f84ea5e2bf5,0,dc91e144404541a8844b3f84ea5e2bf5_0
a045a5f51fe24333a297866d3e238c38,0,a045a5f51fe24333a297866d3e238c38_0
64e48a3c434b46a49613fd4c246c3f61,0,64e48a3c434b46a49613fd4c246c3f61_0
5a8459ed9b9b4762baf2a71a344aa871,0,5a8459ed9b9b4762baf2a71a344aa871_0
d968771a097344ed94a341b8c4f72d32,0,d968771a097344ed94a341b8c4f72d32_0
e89b95315ff0416ab27636981db7cd1b,0,e89b95315ff0416ab27636981db7cd1b_0
f4998e073fcc4704baa885b9a72dbf96,0,f4998e073fcc4704baa885b9a72dbf96_0
2b1282fb6b8547849a0cca051fbaee21,0,2b1282fb6b8547849a0cca051fbaee21_0
e68253c444bd4f559e84fa6222314c66,0,e68253c444bd4f559e84fa6222314c66_0
a2edb9042c8b46fa9db79292e3c341cb,0,a2edb9042c8b46fa9db79292e3c341cb_0
2b758ba9db5a4252b47f7ba7cfb1c80b,0,2b758ba9db5a4252b47f7ba7cfb1c80b_0
0802414e50e44816a1fea3957eb7d519,0,0802414e50e44816a1fea3957eb7d519_0
7aa57c774188484a86c09ee375345eb1,0,7aa57c774188484a86c09ee375345eb1_0
b78a0059d86d407eabe0f4d2af960d75,0,b78a0059d86d407eabe0f4d2af960d75_0
77ad14ec2e134875826c39a559f58425,0,77ad14ec2e134875826c39a559f58425_0
55340709b2074201ae6a3e1497aae0fe,0,55340709b2074201ae6a3e1497aae0fe_0
6ad37ba90a0a4d2e80f09efe7d50cb1b,0,6ad37ba90a0a4d2e80f09efe7d50cb1b_0
8c34fde073c348ffbdde10573e7c7b4f,0,8c34fde073c348ffbdde10573e7c7b4f_0
2646624f510f48c28c59627f67b22242,0,2646624f510f48c28c59627f67b22242_0
e73a8b00e6f243caa88d8686db4bd8ac,0,e73a8b00e6f243caa88d8686db4bd8ac_0
8d0bbc201d894a68a92d8cd987d5ee9d,0,8d0bbc201d894a68a92d8cd987d5ee9d_0
ce161fa115514f0fb2737813cda613a1,0,ce161fa115514f0fb2737813cda613a1_0
d1a773d2b3654218ac3389241d36c4ab,0,d1a773d2b3654218ac3389241d36c4ab_0
7dfdce54915a4d609e3f3ed2a86a31a7,0,7dfdce54915a4d609e3f3ed2a86a31a7_0
4d1f8881d3ec4f25b0b5873d8fd4cbbc,0,4d1f8881d3ec4f25b0b5873d8fd4cbbc_0
d91468f2789b4f4bb28f2080f6f42dd8,0,d91468f2789b4f4bb28f2080f6f42dd8_0
c1b0ce208c99407eaca691f4abe37b1a,0,c1b0ce208c99407eaca691f4abe37b1a_0
c038a232120147afa3b7980995653ba4,0,c038a232120147afa3b7980995653ba4_0
53e3f45986854abcb692992a96ce21a7,0,53e3f45986854abcb692992a96ce21a7_0
71a5c58b69484edba1f6ba542d6f5e34,0,71a5c58b69484edba1f6ba542d6f5e34_0
c54b81c6b6b744fbbee7fc88107b8a93,0,c54b81c6b6b744fbbee7fc88107b8a93_0
8c03be28296f45ebb7bfac9878c1b402,0,8c03be28296f45ebb7bfac9878c1b402_0
a2bf98a05a014acc9b8e61884d0d8fe7,0,a2bf98a05a014acc9b8e61884d0d8fe7_0
b9396ed956f14db0b5aec54f9b41bbbe,0,b9396ed956f14db0b5aec54f9b41bbbe_0
1319650b7a6c43f9b3b03e8f19993da8,0,1319650b7a6c43f9b3b03e8f19993da8_0
72ab3fe3043c4d46b0bdd2db61ff16a1,0,72ab3fe3043c4d46b0bdd2db61ff16a1_0
e38c343961fa467faf0c1228e5760657,0,e38c343961fa467faf0c1228e5760657_0
abb602d68ba84df896f1c02c1ae8c7d7,0,abb602d68ba84df896f1c02c1ae8c7d7_0
0403d929e124459696a765a2da759590,0,0403d929e124459696a765a2da759590_0
00559a1338f444c18eb301f1c822b483,0,00559a1338f444c18eb301f1c822b483_0
9434d921e9264e98985c728badac6029,0,9434d921e9264e98985c728badac6029_0
9d4fbb2cc382488e9da7407bd5996bdb,0,9d4fbb2cc382488e9da7407bd5996bdb_0
225fcbc65a334e25ba1ac406b16816eb,0,225fcbc65a334e25ba1ac406b16816eb_0
0e3f9fc6cb9f462587a12431457cf4f5,0,0e3f9fc6cb9f462587a12431457cf4f5_0
78daf1700ca24c1a93d80b3bd096930f,0,78daf1700ca24c1a93d80b3bd096930f_0
420334e4062849ea9ced0c001dc028b2,0,420334e4062849ea9ced0c001dc028b2_0
ceff050e3ca8401f8ec98cf34dcbed52,0,ceff050e3ca8401f8ec98cf34dcbed52_0
febf5f02b3bd4018a49da0bcf01565b6,0,febf5f02b3bd4018a49da0bcf01565b6_0
94a1fd2c9fad4b3ba0cd990e3053a95b,0,94a1fd2c9fad4b3ba0cd990e3053a95b_0
caa8b30c5ea34df795db27becd5d727d,0,caa8b30c5ea34df795db27becd5d727d_0
85a008994bcf4d6e97c489c937892327,0,85a008994bcf4d6e97c489c937892327_0
873c46e7e6814f13a400f8a5aabec952,0,873c46e7e6814f13a400f8a5aabec952_0
457d1129b65d4d15b0fe7c1ce185b499,0,457d1129b65d4d15b0fe7c1ce185b499_0
e725f49f7d3e4c12af695339c06ad30e,0,e725f49f7d3e4c12af695339c06ad30e_0
cdbbeaa0d8ed40e8b7a839e2a96e69bd,0,cdbbeaa0d8ed40e8b7a839e2a96e69bd_0
906bc1cb82214a828b33723b56b51bea,0,906bc1cb82214a828b33723b56b51bea_0
9b36d2dc3bd74813a98b094f9d43739c,0,9b36d2dc3bd74813a98b094f9d43739c_0
2e56d3c0586a43f39e87b16041cdb7cb,0,2e56d3c0586a43f39e87b16041cdb7cb_0
702b24049ec74274a0c7b7956eb6520e,0,702b24049ec74274a0c7b7956eb6520e_0
28fd3d5671cc4e6680465b694b424021,0,28fd3d5671cc4e6680465b694b424021_0
0d9c3594cceb44c5a42c78015f31edb2,0,0d9c3594cceb44c5a42c78015f31edb2_0
fdef6e3a7d1648ed9392ec9722c63bdb,0,fdef6e3a7d1648ed9392ec9722c63bdb_0
c03c9da40efd4731a7b76dbb0189f803,0,c03c9da40efd4731a7b76dbb0189f803_0
acb1afa4ffea4a679ff46ca24dfeab37,0,acb1afa4ffea4a679ff46ca24dfeab37_0
a78f6dd6d6d746cd87d5cea5c95f97a0,0,a78f6dd6d6d746cd87d5cea5c95f97a0_0
3474cd869bd84518bf3fe77b10df7f24,0,3474cd869bd84518bf3fe77b10df7f24_0
18285919128d4ed5add1d8ab14710cbb,0,18285919128d4ed5add1d8ab14710cbb_0
7b53612ca9ba467a8e83c73040a9ee4c,0,7b53612ca9ba467a8e83c73040a9ee4c_0
03b12c6a4b6542c796e0e6cec87ea3c5,0,03b12c6a4b6542c796e0e6cec87ea3c5_0
d8f7768348504b29a9f4daed7b78418d,0,d8f7768348504b29a9f4daed7b78418d_0
63412731c46943b2aa6b440a94aa94c0,0,63412731c46943b2aa6b440a94aa94c0_0
a519597cd9284645925e1e50278898d6,0,a519597cd9284645925e1e50278898d6_0
f177f77b025a4caead45f85105b9c8a0,0,f177f77b025a4caead45f85105b9c8a0_0
55ae9f1ecfab4ea790414b569af32846,0,55ae9f1ecfab4ea790414b569af32846_0
b4c650d95a85419491bc2c3908d2480c,0,b4c650d95a85419491bc2c3908d2480c_0
a77244705d694bd3abab8873800142d4,0,a77244705d694bd3abab8873800142d4_0
b545e93b7fb5457e91f879a2bd2d9653,0,b545e93b7fb5457e91f879a2bd2d9653_0
d636ab4dc9694127b7ee28d997fbd340,0,d636ab4dc9694127b7ee28d997fbd340_0
39631f28aac84137a2e8d70163431270,0,39631f28aac84137a2e8d70163431270_0
53a00094cc6f4e59b45f6fc154809906,0,53a00094cc6f4e59b45f6fc154809906_0
b126370d74234baaad30fb89e02c3d34,0,b126370d74234baaad30fb89e02c3d34_0
0c4873b2821744d6923d007720981514,0,0c4873b2821744d6923d007720981514_0
9c98722ecdbc4b27881511159363661a,0,9c98722ecdbc4b27881511159363661a_0
2e04d71aa3b442a8ab76c9c17ac8ce0c,0,2e04d71aa3b442a8ab76c9c17ac8ce0c_0
db079eb92c924481af8431ab162de38f,0,db079eb92c924481af8431ab162de38f_0
6190d3de90b741da90bc1a2023cb3799,0,6190d3de90b741da90bc1a2023cb3799_0
6c2cd3a527904d418b1f2e5a5c149032,0,6c2cd3a527904d418b1f2e5a5c149032_0
ef33616d8f6c4084844fab724b93fa86,0,ef33616d8f6c4084844fab724b93fa86_0
15ea92ca7408453d87b2ec7bc7309acc,0,15ea92ca7408453d87b2ec7bc7309acc_0
6eea43c48b404e1c8aacb73563ea5fab,0,6eea43c48b404e1c8aacb73563ea5fab_0
39a7a76f3e104e37a1e0e78feffabc5f,0,39a7a76f3e104e37a1e0e78feffabc5f_0
f6c9a252932b43daad5acee52f876d59,0,f6c9a252932b43daad5acee52f876d59_0
c7525fab646e47c28801bd66c4f909d4,0,c7525fab646e47c28801bd66c4f909d4_0
8f97eb525750449685233a18628a0893,0,8f97eb525750449685233a18628a0893_0
1d7cb138fbce4efcb332b5621cbcc194,0,1d7cb138fbce4efcb332b5621cbcc194_0
a000fc896da943aeb5f8b345a95c3417,0,a000fc896da943aeb5f8b345a95c3417_0
423dd40160ba4f29afc9154e4fb12963,0,423dd40160ba4f29afc9154e4fb12963_0
7d638fa38b054b4facccef5b7a8c4413,0,7d638fa38b054b4facccef5b7a8c4413_0
e8f60b8cf94b4eecb10d2a42f783e8eb,0,e8f60b8cf94b4eecb10d2a42f783e8eb_0
c6025ecf17ac4cc1979fcba2f69133b9,0,c6025ecf17ac4cc1979fcba2f69133b9_0
11b582e227fc4951a89c2520f4eed6a6,0,11b582e227fc4951a89c2520f4eed6a6_0
2242e5aac4444d9881b8bb6a4c2ca07e,0,2242e5aac4444d9881b8bb6a4c2ca07e_0
60904bae49744c8dae3672c195815011,0,60904bae49744c8dae3672c195815011_0
116c92d32ff44ed2b43ceb5ac41d5d42,0,116c92d32ff44ed2b43ceb5ac41d5d42_0
4d735d5863c048a2b73d2fc2f95029ac,0,4d735d5863c048a2b73d2fc2f95029ac_0
ac65d18eace1479496830a784cc1359d,0,ac65d18eace1479496830a784cc1359d_0
e978f89efc1440bf93464699e46db9e8,0,e978f89efc1440bf93464699e46db9e8_0
c0f9b8a5f2d6496eb3b62430d4900d25,0,c0f9b8a5f2d6496eb3b62430d4900d25_0
9b16e35370bc450197934047c6160e03,0,9b16e35370bc450197934047c6160e03_0
4ac3982d1d6b40c4b7565e936476384e,0,4ac3982d1d6b40c4b7565e936476384e_0
f886e71be6d14a51ad41c043b758f37c,0,f886e71be6d14a51ad41c043b758f37c_0
85e4e07ae88e411aabec749af56b6b7e,0,85e4e07ae88e411aabec749af56b6b7e_0
482aab6070744013a360377e0e441522,0,482aab6070744013a360377e0e441522_0
4d0dcc76e28c4ad2a51059aac85d25eb,0,4d0dcc76e28c4ad2a51059aac85d25eb_0
beed544a2e5144d88ac922ab5686b1a1,0,beed544a2e5144d88ac922ab5686b1a1_0
c89d3b1a78c74d3f915be6010a06775a,0,c89d3b1a78c74d3f915be6010a06775a_0
6781bd5f814541c5bb6419aaf76657f2,0,6781bd5f814541c5bb6419aaf76657f2_0
2f114b3399244f3a93d3a1e121c1a16a,0,2f114b3399244f3a93d3a1e121c1a16a_0
f04506bb219f4ebb950971d1ec1aa6bd,0,f04506bb219f4ebb950971d1ec1aa6bd_0
7afed0fd7af941d1941e5684dd898e31,0,7afed0fd7af941d1941e5684dd898e31_0
86fadfa4842345cf8cac15e8ded0f3a4,0,86fadfa4842345cf8cac15e8ded0f3a4_0
811d044382d84fc482ff6fc3a505d6ad,0,811d044382d84fc482ff6fc3a505d6ad_0
dace74fdc6a943b8b38116b0c5154ac4,0,dace74fdc6a943b8b38116b0c5154ac4_0
5d522f753f1845ca90cfa839a51c6c67,0,5d522f753f1845ca90cfa839a51c6c67_0
f7af17672ed549aea7d58638b11f3e43,0,f7af17672ed549aea7d58638b11f3e43_0
86155e33fc4c4e80adf9f70fe204caea,0,86155e33fc4c4e80adf9f70fe204caea_0
5b56de110a574c9a80c6d3da28bcd13f,0,5b56de110a574c9a80c6d3da28bcd13f_0
00ae575033054ce3ba68d2d3e1ba30e2,0,00ae575033054ce3ba68d2d3e1ba30e2_0
6a1d90adeb664862a6f069881f5026fd,0,6a1d90adeb664862a6f069881f5026fd_0
01763d48ee644bbb99bffb1a63c18bb4,0,01763d48ee644bbb99bffb1a63c18bb4_0
007bf899fb5b4a3b8105183d0ca56cfa,0,007bf899fb5b4a3b8105183d0ca56cfa_0
a4ae27b0bf2d42399663c4ceb7ca1d10,0,a4ae27b0bf2d42399663c4ceb7ca1d10_0
f728d58bda4c48f8af2260a27fb7649b,0,f728d58bda4c48f8af2260a27fb7649b_0
1256d04df15142e88f0f53706fd1d554,0,1256d04df15142e88f0f53706fd1d554_0
4a363f5d5794470fa13857c70078ed71,0,4a363f5d5794470fa13857c70078ed71_0
9caa753cdcc140a493fd9c5d2722424c,0,9caa753cdcc140a493fd9c5d2722424c_0
e5a9d995392f40f7a797f9e914d0992e,0,e5a9d995392f40f7a797f9e914d0992e_0
eadc63a6b6464ab0a2c0fd19e143f1cd,0,eadc63a6b6464ab0a2c0fd19e143f1cd_0
4bbfd285f51d4d4d9edaa06634a4eeef,0,4bbfd285f51d4d4d9edaa06634a4eeef_0
983c78ce623f4d03aa3e988042bde45f,0,983c78ce623f4d03aa3e988042bde45f_0
ba7a4b3c43744aebaf49be267a6a6065,0,ba7a4b3c43744aebaf49be267a6a6065_0
778859086e614aefba2db887fc052803,0,778859086e614aefba2db887fc052803_0
26c66d7644014471be1aa48283eb6c4b,0,26c66d7644014471be1aa48283eb6c4b_0
47f322553d3d43eb981964d36de86241,0,47f322553d3d43eb981964d36de86241_0
b176be4d2ea04d1781a9a5650fb501ed,0,b176be4d2ea04d1781a9a5650fb501ed_0
6f0b58a43a9546a5b696c94d5c242532,0,6f0b58a43a9546a5b696c94d5c242532_0
8983932c7e3047d981d3908d33f70b7c,0,8983932c7e3047d981d3908d33f70b7c_0
b72e80e2e7cc4ea18bf3af6ab9e41aff,0,b72e80e2e7cc4ea18bf3af6ab9e41aff_0
ef2bb7dc15c44531a19e11a35b71230d,0,ef2bb7dc15c44531a19e11a35b71230d_0
d240607064cd46a3991f63575d91367a,0,d240607064cd46a3991f63575d91367a_0
72c0f64ae09c4cbf894f1fffb731e7b4,0,72c0f64ae09c4cbf894f1fffb731e7b4_0
ec0565d7079043db9340ea3d59824bd7,0,ec0565d7079043db9340ea3d59824bd7_0
d87a9dfefe6f4153b831384d14bf84da,0,d87a9dfefe6f4153b831384d14bf84da_0
50ff9513e18a448294c4be1984370998,0,50ff9513e18a448294c4be1984370998_0
a25baf54ff334bb686914707e4bfd7d5,0,a25baf54ff334bb686914707e4bfd7d5_0
d707eea274d14166899cafc7a40a0bca,0,d707eea274d14166899cafc7a40a0bca_0
62ef1005ba554d72918ae8c58ad7cda6,0,62ef1005ba554d72918ae8c58ad7cda6_0
a0278d94685f4a20be793ae375f4238e,0,a0278d94685f4a20be793ae375f4238e_0
3be1cb2d192f44c6bab861cb49396aea,0,3be1cb2d192f44c6bab861cb49396aea_0
9950fe722b4c4306b821b9b2d29cc386,0,9950fe722b4c4306b821b9b2d29cc386_0
91cab6eb9d394feeba44f3cdfad9dd74,0,91cab6eb9d394feeba44f3cdfad9dd74_0
66d1dcfece91411b9d2c48e9339415af,0,66d1dcfece91411b9d2c48e9339415af_0
e28194e36a5340ecb67b3819da8d4ee1,0,e28194e36a5340ecb67b3819da8d4ee1_0
b938b3b481f647f1a04d683be567b71d,0,b938b3b481f647f1a04d683be567b71d_0
e8d2a0030e4248a48ad443c39a5e41d6,0,e8d2a0030e4248a48ad443c39a5e41d6_0
523d0b1b855f4616988f2c75fe4f094c,0,523d0b1b855f4616988f2c75fe4f094c_0
90f0fd25ea7b4581b880e33c2fe79bf8,0,90f0fd25ea7b4581b880e33c2fe79bf8_0
c1a48efd3aec46b890b67119fdc00448,0,c1a48efd3aec46b890b67119fdc00448_0
2eaba9a1b8f84949ba2456f6a927e0cf,0,2eaba9a1b8f84949ba2456f6a927e0cf_0
e9b0260b217547da9d3a87b041431e3e,0,e9b0260b217547da9d3a87b041431e3e_0
0ea9228f159d463898bcf9154c02ae52,0,0ea9228f159d463898bcf9154c02ae52_0
fed6ebff90f94f43ababc2042e6c96e3,0,fed6ebff90f94f43ababc2042e6c96e3_0
d68e6d8770454dee84e09b02acb2e4c5,0,d68e6d8770454dee84e09b02acb2e4c5_0
6ddf9724a3b14722ac13c767ad5d5d95,0,6ddf9724a3b14722ac13c767ad5d5d95_0
b9aca06c18bc41a1b60c9f53dae3e970,0,b9aca06c18bc41a1b60c9f53dae3e970_0
ef872a5bc85e49d88fd505def83c4c07,0,ef872a5bc85e49d88fd505def83c4c07_0
a027ca84a9af4b36a8366f5dac7dff89,0,a027ca84a9af4b36a8366f5dac7dff89_0
2746fece475344aba5ef61ac175f5a98,0,2746fece475344aba5ef61ac175f5a98_0
d1dda89b90b5414aa7c6d8c7f86f5cd2,0,d1dda89b90b5414aa7c6d8c7f86f5cd2_0
ab62d66958e3441693c9ca5074fffbc8,0,ab62d66958e3441693c9ca5074fffbc8_0
cda2964f6c0b47279e3cc6a4d6f910ff,0,cda2964f6c0b47279e3cc6a4d6f910ff_0
a2568b29833740bbb27db3c1bf380e77,0,a2568b29833740bbb27db3c1bf380e77_0
fee84463bb5c4b13aa6149447a1dcf97,0,fee84463bb5c4b13aa6149447a1dcf97_0
f0cae4bc08a246719010d58f102d63cc,0,f0cae4bc08a246719010d58f102d63cc_0
7d6742b7e8484e91aba44d9274ce9aa1,0,7d6742b7e8484e91aba44d9274ce9aa1_0
2c116fe6511e40a5ad1b19510ebe844b,0,2c116fe6511e40a5ad1b19510ebe844b_0
bb4d6c3c8dd44abbb8e49ef6bf038fdc,0,bb4d6c3c8dd44abbb8e49ef6bf038fdc_0
8638375effca4ef892d27e727da41ddc,0,8638375effca4ef892d27e727da41ddc_0
f4a2b8cfb89940b28a03be65b2ba5945,0,f4a2b8cfb89940b28a03be65b2ba5945_0
7dc784589e0048b284f7f961fadbb2af,0,7dc784589e0048b284f7f961fadbb2af_0
7a011afc976a4baca14f61922f282713,0,7a011afc976a4baca14f61922f282713_0
3144ea5aec4e46d89055f373dab7a6a0,0,3144ea5aec4e46d89055f373dab7a6a0_0
8bbd2fdc87be443b8192fd01a6843baa,0,8bbd2fdc87be443b8192fd01a6843baa_0
d87bac5865c64f8ea293f46ea15588ca,0,d87bac5865c64f8ea293f46ea15588ca_0
d794e51f117246ba9c4d7338900957d9,0,d794e51f117246ba9c4d7338900957d9_0
71da8a8e6c5743178a03381b1778a190,0,71da8a8e6c5743178a03381b1778a190_0
e276db7c21134a24ad5a8554c82fd985,0,e276db7c21134a24ad5a8554c82fd985_0
4bf1d42e9d0a40de847d714f55fe5e33,0,4bf1d42e9d0a40de847d714f55fe5e33_0
0749d437443c4b859ca221aba1127fc1,0,0749d437443c4b859ca221aba1127fc1_0
4ff2349205c24208b412e757fcc7b12b,0,4ff2349205c24208b412e757fcc7b12b_0
6667f28e7e0e488ba9eb48fcd310b370,0,6667f28e7e0e488ba9eb48fcd310b370_0
a20b2754e05b4d2788b38213f3b3ff35,0,a20b2754e05b4d2788b38213f3b3ff35_0
3bfb8ecde5584f47851ad8c6959c3419,0,3bfb8ecde5584f47851ad8c6959c3419_0
8d8c7b4c3e024231a075964a210f6220,0,8d8c7b4c3e024231a075964a210f6220_0
78920c472af6473f9ad52098a6e330e2,0,78920c472af6473f9ad52098a6e330e2_0
a77dd509a8154ed593e7fa9307e17134,0,a77dd509a8154ed593e7fa9307e17134_0
3fd5734fc9894c2caff60c16c0752003,0,3fd5734fc9894c2caff60c16c0752003_0
e58dcbe669c947c7be52cdc3d28e6cf1,0,e58dcbe669c947c7be52cdc3d28e6cf1_0
1808c85ebc604dd28b02adee9ba67ccf,0,1808c85ebc604dd28b02adee9ba67ccf_0
e80640b3acb943b38540a19c0dd773d9,0,e80640b3acb943b38540a19c0dd773d9_0
da4c1d94ad5345cba46b0bf74765641b,0,da4c1d94ad5345cba46b0bf74765641b_0
9f94dc943328489d9c600192a36d4e8f,0,9f94dc943328489d9c600192a36d4e8f_0
6e40751dee04434190d72af56d0cfafb,0,6e40751dee04434190d72af56d0cfafb_0
aacf2ffdba4b4656a2b69bb555cd03f1,0,aacf2ffdba4b4656a2b69bb555cd03f1_0
0d8a97bf99454eac9b452ebbf9620264,0,0d8a97bf99454eac9b452ebbf9620264_0
73ab8a76f4c7407a842b2e1a12697486,0,73ab8a76f4c7407a842b2e1a12697486_0
c5c1e425792e464794d86ba6934210f9,0,c5c1e425792e464794d86ba6934210f9_0
e428b506aab54de18dee6c27a90ef303,0,e428b506aab54de18dee6c27a90ef303_0
d0ef3426d2cd477a812c11ed89b398bb,0,d0ef3426d2cd477a812c11ed89b398bb_0
8514f6c540184740b85f4743a464d7ea,0,8514f6c540184740b85f4743a464d7ea_0
92cf2ad984f147ff9d171c4e1b9b577d,0,92cf2ad984f147ff9d171c4e1b9b577d_0
827782a8fbfd4d069eb6216cfdc5f7ac,0,827782a8fbfd4d069eb6216cfdc5f7ac_0
9b69c3743c5c4d19ad12e4833991aadb,0,9b69c3743c5c4d19ad12e4833991aadb_0
c8cb9ad2666b4662a664369fd3c7beb9,0,c8cb9ad2666b4662a664369fd3c7beb9_0
f20c88cd5e304786b99bc8edde7439ae,0,f20c88cd5e304786b99bc8edde7439ae_0
43f12d18196d43fbacf65c4e8d411706,0,43f12d18196d43fbacf65c4e8d411706_0
a184dd6714394b5d88014b8a694c3974,0,a184dd6714394b5d88014b8a694c3974_0
4441884a384141df9b3db4bb7f95c3de,0,4441884a384141df9b3db4bb7f95c3de_0
aeb02317881b49ccb80b3e7bac055d9d,0,aeb02317881b49ccb80b3e7bac055d9d_0
300b32c974e14cb7a4734ad571c15b9f,0,300b32c974e14cb7a4734ad571c15b9f_0
36f352579043418f8548cf9344ade457,0,36f352579043418f8548cf9344ade457_0
72e431f17b914ceda70fe97dd2668b39,0,72e431f17b914ceda70fe97dd2668b39_0
2c90404e5dfb44889d514657a42849c0,0,2c90404e5dfb44889d514657a42849c0_0
a0668a13cb414cda8cd35796d4119cb3,0,a0668a13cb414cda8cd35796d4119cb3_0
22f15b0feded4f0c9952958b7ed87f1f,0,22f15b0feded4f0c9952958b7ed87f1f_0
a6ffbb61aff542f88cb6129df2fe1682,0,a6ffbb61aff542f88cb6129df2fe1682_0
3d5a9b4986e94c65a76b28ba469b5f50,0,3d5a9b4986e94c65a76b28ba469b5f50_0
f3de0960326e4fd0a5cd6960a10dd5f0,0,f3de0960326e4fd0a5cd6960a10dd5f0_0
c488e85f77234d308046c3754064dc28,0,c488e85f77234d308046c3754064dc28_0
a74284038732456aa4e57789a24a20ac,0,a74284038732456aa4e57789a24a20ac_0
22e01a2be1104fd6bb0df1ae02872c8e,0,22e01a2be1104fd6bb0df1ae02872c8e_0
e352ee5433aa4c2eabf5121d38687561,0,e352ee5433aa4c2eabf5121d38687561_0
70f4cec64d7d4742b161db89db3c619a,0,70f4cec64d7d4742b161db89db3c619a_0
3bf061865d224f13b41faab8f439b214,0,3bf061865d224f13b41faab8f439b214_0
b22843ee344c4c25bb894d9bf87e76a2,0,b22843ee344c4c25bb894d9bf87e76a2_0
32189988b13f42c19271425645474ea1,0,32189988b13f42c19271425645474ea1_0
67735e76ebd6449a94889488741ef1a2,0,67735e76ebd6449a94889488741ef1a2_0
c5f2550071b94006a2e6942adff97adc,0,c5f2550071b94006a2e6942adff97adc_0
c714a7953b374663813df1b355d631fc,0,c714a7953b374663813df1b355d631fc_0
bfb4d25b05154a2ea2b9089d5717fc87,0,bfb4d25b05154a2ea2b9089d5717fc87_0
de72549ccf484372a12f281332a8d762,0,de72549ccf484372a12f281332a8d762_0
39c2562209cc4e08b47f9db2c439a603,0,39c2562209cc4e08b47f9db2c439a603_0
2471236904d8470ebb6db7347cb5645d,0,2471236904d8470ebb6db7347cb5645d_0
3f5eedbbd60142dcacb0d70e0f2abc8f,0,3f5eedbbd60142dcacb0d70e0f2abc8f_0
f670f186dba64e68852471ed8551cafb,0,f670f186dba64e68852471ed8551cafb_0
bbd1d303c8cb4479bcdeae8529ad881d,0,bbd1d303c8cb4479bcdeae8529ad881d_0
ab16572e8cc84cc09892740f6930a3e6,0,ab16572e8cc84cc09892740f6930a3e6_0
23ce3b6cf164467386e2b34db908dbc3,0,23ce3b6cf164467386e2b34db908dbc3_0
4dad8117d3c946ef9c021aac9e5ded02,0,4dad8117d3c946ef9c021aac9e5ded02_0
8e822ce1089741febae586c5fef99124,0,8e822ce1089741febae586c5fef99124_0
56201a8ac9c64665aa6d236dbc79daf4,0,56201a8ac9c64665aa6d236dbc79daf4_0
a1abc4a69bb84c11804ce189966d967d,0,a1abc4a69bb84c11804ce189966d967d_0
af36ac2aa9734738bbd533db8e5fb43a,1,af36ac2aa9734738bbd533db8e5fb43a_1
cdc2c5c605144c8e8dd5e9ea3d1352fc,1,cdc2c5c605144c8e8dd5e9ea3d1352fc_1
ed19efdedcb24600aea67c968aba5520,1,ed19efdedcb24600aea67c968aba5520_1
f2ea031960cf4454b4596d94cbee021e,1,f2ea031960cf4454b4596d94cbee021e_1
d948808cda4944cd838f88308a9ecd8b,1,d948808cda4944cd838f88308a9ecd8b_1
e2471e582715423aa906e4e99597c5ac,1,e2471e582715423aa906e4e99597c5ac_1
bd67234d1a8e4bc189b8e23e2b569fa7,1,bd67234d1a8e4bc189b8e23e2b569fa7_1
dac8fa9f618946af8420301c6532ad5d,1,dac8fa9f618946af8420301c6532ad5d_1
b131a6d1a3b74a228b19125a50574b4d,1,b131a6d1a3b74a228b19125a50574b4d_1
5b0ba02970d64795b11dd810255754ee,1,5b0ba02970d64795b11dd810255754ee_1
aaf7ba7752794c32aeda39d31246307a,1,aaf7ba7752794c32aeda39d31246307a_1
72c7efccbd434f2a9a4c63f0d579356c,1,72c7efccbd434f2a9a4c63f0d579356c_1
8e9e95a13f194d9eb1e130a419ea7869,1,8e9e95a13f194d9eb1e130a419ea7869_1
4275718792124ba1b07078a428e96d71,1,4275718792124ba1b07078a428e96d71_1
838a6c9afa98486a8c62fcc54d508e96,1,838a6c9afa98486a8c62fcc54d508e96_1
97a587a5579047d5a289864e97b39453,1,97a587a5579047d5a289864e97b39453_1
6327f316231d40fbad110e940775514f,1,6327f316231d40fbad110e940775514f_1
b4cd3e31d4ba4cf9808c01b53b6332aa,1,b4cd3e31d4ba4cf9808c01b53b6332aa_1
cc594d7907804e84b52a0bcded531a62,1,cc594d7907804e84b52a0bcded531a62_1
4f5a32c96b824f41b2ffadba3495d58d,1,4f5a32c96b824f41b2ffadba3495d58d_1
2cb2cdb19ff3411f85b578f55d89d650,1,2cb2cdb19ff3411f85b578f55d89d650_1
75cc5e06f40a4ab7a8ba1577485e3708,1,75cc5e06f40a4ab7a8ba1577485e3708_1
2c10ed39d9c7413d9e3a658dd876a0db,1,2c10ed39d9c7413d9e3a658dd876a0db_1
4d3de5b78ffb4ec7ac7d5acd77946a2d,1,4d3de5b78ffb4ec7ac7d5acd77946a2d_1
c9bac672cc364eeeac367a6b21b3ef29,1,c9bac672cc364eeeac367a6b21b3ef29_1
6d342f871ca34433954df514a9bbed42,1,6d342f871ca34433954df514a9bbed42_1
77fe277ef8ba40fcab7282aad89cf77a,1,77fe277ef8ba40fcab7282aad89cf77a_1
de1235a9528b4b9d83d5fbfb8dbe6ada,1,de1235a9528b4b9d83d5fbfb8dbe6ada_1
e698984d4b1f4c07ad204a75b79e9b8b,1,e698984d4b1f4c07ad204a75b79e9b8b_1
d6765b6c90b7425ea464e5c3e250b873,1,d6765b6c90b7425ea464e5c3e250b873_1
a5f9556b3625447eb10c985cab5f038e,1,a5f9556b3625447eb10c985cab5f038e_1
3722c584edf34e7497f33c83872990d7,1,3722c584edf34e7497f33c83872990d7_1
1070ffc501b3404aae501ce77ffc2e74,1,1070ffc501b3404aae501ce77ffc2e74_1
d7d2e35f70404453aa3556c7a9a37bf7,1,d7d2e35f70404453aa3556c7a9a37bf7_1
48a90e46ad5f44d9b975f6dbda3fa1c4,1,48a90e46ad5f44d9b975f6dbda3fa1c4_1
75bf853c1009452ea798bde09ddca96f,1,75bf853c1009452ea798bde09ddca96f_1
1147c9722e334a90a4ff627d5e40638c,1,1147c9722e334a90a4ff627d5e40638c_1
e3005ae3a047490d9b2c019e7280d212,1,e3005ae3a047490d9b2c019e7280d212_1
40e7ebb35e8a4f1089c4de799a942895,1,40e7ebb35e8a4f1089c4de799a942895_1
dbf63002a33c4183bc085581cfbd4366,1,dbf63002a33c4183bc085581cfbd4366_1
5e094fece9c249ecbeecb1b829cf5ef9,1,5e094fece9c249ecbeecb1b829cf5ef9_1
b191ba30fb96410d8e18198ae5125152,1,b191ba30fb96410d8e18198ae5125152_1
02f44e0ff9ab47a1ae060e9d7ac10cd7,1,02f44e0ff9ab47a1ae060e9d7ac10cd7_1
c372ad8bd4d34eee93af030e68a61ac7,1,c372ad8bd4d34eee93af030e68a61ac7_1
6dbbf719a73e4439835c1e8837249f00,1,6dbbf719a73e4439835c1e8837249f00_1
d39ceee3f7d44baaa748f50435fb64a5,1,d39ceee3f7d44baaa748f50435fb64a5_1
e298b53542d443e3b12be25876948226,1,e298b53542d443e3b12be25876948226_1
e5000636472f4e09a292fccde0d828b5,1,e5000636472f4e09a292fccde0d828b5_1
0696301195b043ef9ecb5d80187f6edd,1,0696301195b043ef9ecb5d80187f6edd_1
4d9df9374d13415d8717a09e4de67983,1,4d9df9374d13415d8717a09e4de67983_1
621d5e85990e4c4abc8cd6f2667396e0,1,621d5e85990e4c4abc8cd6f2667396e0_1
72d6f24efcb640d5b193d6219ecfcdab,1,72d6f24efcb640d5b193d6219ecfcdab_1
bf3515f7f41d49d4be2ca05ec0a19c25,1,bf3515f7f41d49d4be2ca05ec0a19c25_1
9ff3153d2e9f41b1bc66a7e99f9098b0,1,9ff3153d2e9f41b1bc66a7e99f9098b0_1
fd940768853241689f494423ac3f5e5d,1,fd940768853241689f494423ac3f5e5d_1
e53c3d1f33944074b74ffd97ff36dc24,1,e53c3d1f33944074b74ffd97ff36dc24_1
cebde6404256425583fac5ed89b1b48c,1,cebde6404256425583fac5ed89b1b48c_1
be0682d9377741c1977957d57d396c78,1,be0682d9377741c1977957d57d396c78_1
601f74054da44ffd91097f26f1112e9c,1,601f74054da44ffd91097f26f1112e9c_1
c5688580315349169e030a8711627cba,1,c5688580315349169e030a8711627cba_1
bea2732647af474d892e9c2749857bc6,1,bea2732647af474d892e9c2749857bc6_1
572ac24eb83e4e40b1e60f6beefb7133,1,572ac24eb83e4e40b1e60f6beefb7133_1
3b547cfcf7e34660bdfb3b4eafdc8dec,1,3b547cfcf7e34660bdfb3b4eafdc8dec_1
546b7eecf7b048b59c5fb19cebeca99a,1,546b7eecf7b048b59c5fb19cebeca99a_1
a10d6fc242a44d1faabd9bc468fa3e11,1,a10d6fc242a44d1faabd9bc468fa3e11_1
2f4e1cc058f14fcb915722c0f284be7b,1,2f4e1cc058f14fcb915722c0f284be7b_1
3afef95d99af454d9e37d22147382bf7,1,3afef95d99af454d9e37d22147382bf7_1
69cf86a8340c4d09ab67f79a711a7990,1,69cf86a8340c4d09ab67f79a711a7990_1
8cdaf0286cd240e4bb30a64aa422bb2c,1,8cdaf0286cd240e4bb30a64aa422bb2c_1
bcfe7e1831ac4bca86c9872c6e57ae33,1,bcfe7e1831ac4bca86c9872c6e57ae33_1
195a05c516544f4eb620f110e27a6519,1,195a05c516544f4eb620f110e27a6519_1
98122ff0d4d54d71b2ddacee7207cbb6,1,98122ff0d4d54d71b2ddacee7207cbb6_1
a323c39d4a8443c9b2b90598a1fb8097,1,a323c39d4a8443c9b2b90598a1fb8097_1
07a22f4e3f824384bf588b01fa41277a,1,07a22f4e3f824384bf588b01fa41277a_1
571d3fb21092490fa47d96dc74801109,1,571d3fb21092490fa47d96dc74801109_1
fa0aaced05be4f919582c5b7defe680b,1,fa0aaced05be4f919582c5b7defe680b_1
dc91e144404541a8844b3f84ea5e2bf5,1,dc91e144404541a8844b3f84ea5e2bf5_1
a045a5f51fe24333a297866d3e238c38,1,a045a5f51fe24333a297866d3e238c38_1
64e48a3c434b46a49613fd4c246c3f61,1,64e48a3c434b46a49613fd4c246c3f61_1
5a8459ed9b9b4762baf2a71a344aa871,1,5a8459ed9b9b4762baf2a71a344aa871_1
d968771a097344ed94a341b8c4f72d32,1,d968771a097344ed94a341b8c4f72d32_1
e89b95315ff0416ab27636981db7cd1b,1,e89b95315ff0416ab27636981db7cd1b_1
f4998e073fcc4704baa885b9a72dbf96,1,f4998e073fcc4704baa885b9a72dbf96_1
2b1282fb6b8547849a0cca051fbaee21,1,2b1282fb6b8547849a0cca051fbaee21_1
e68253c444bd4f559e84fa6222314c66,1,e68253c444bd4f559e84fa6222314c66_1
a2edb9042c8b46fa9db79292e3c341cb,1,a2edb9042c8b46fa9db79292e3c341cb_1
2b758ba9db5a4252b47f7ba7cfb1c80b,1,2b758ba9db5a4252b47f7ba7cfb1c80b_1
0802414e50e44816a1fea3957eb7d519,1,0802414e50e44816a1fea3957eb7d519_1
7aa57c774188484a86c09ee375345eb1,1,7aa57c774188484a86c09ee375345eb1_1
b78a0059d86d407eabe0f4d2af960d75,1,b78a0059d86d407eabe0f4d2af960d75_1
77ad14ec2e134875826c39a559f58425,1,77ad14ec2e134875826c39a559f58425_1
55340709b2074201ae6a3e1497aae0fe,1,55340709b2074201ae6a3e1497aae0fe_1
6ad37ba90a0a4d2e80f09efe7d50cb1b,1,6ad37ba90a0a4d2e80f09efe7d50cb1b_1
8c34fde073c348ffbdde10573e7c7b4f,1,8c34fde073c348ffbdde10573e7c7b4f_1
2646624f510f48c28c59627f67b22242,1,2646624f510f48c28c59627f67b22242_1
e73a8b00e6f243caa88d8686db4bd8ac,1,e73a8b00e6f243caa88d8686db4bd8ac_1
8d0bbc201d894a68a92d8cd987d5ee9d,1,8d0bbc201d894a68a92d8cd987d5ee9d_1
ce161fa115514f0fb2737813cda613a1,1,ce161fa115514f0fb2737813cda613a1_1
d1a773d2b3654218ac3389241d36c4ab,1,d1a773d2b3654218ac3389241d36c4ab_1
7dfdce54915a4d609e3f3ed2a86a31a7,1,7dfdce54915a4d609e3f3ed2a86a31a7_1
4d1f8881d3ec4f25b0b5873d8fd4cbbc,1,4d1f8881d3ec4f25b0b5873d8fd4cbbc_1
d91468f2789b4f4bb28f2080f6f42dd8,1,d91468f2789b4f4bb28f2080f6f42dd8_1
c1b0ce208c99407eaca691f4abe37b1a,1,c1b0ce208c99407eaca691f4abe37b1a_1
c038a232120147afa3b7980995653ba4,1,c038a232120147afa3b7980995653ba4_1
53e3f45986854abcb692992a96ce21a7,1,53e3f45986854abcb692992a96ce21a7_1
71a5c58b69484edba1f6ba542d6f5e34,1,71a5c58b69484edba1f6ba542d6f5e34_1
c54b81c6b6b744fbbee7fc88107b8a93,1,c54b81c6b6b744fbbee7fc88107b8a93_1
8c03be28296f45ebb7bfac9878c1b402,1,8c03be28296f45ebb7bfac9878c1b402_1
a2bf98a05a014acc9b8e61884d0d8fe7,1,a2bf98a05a014acc9b8e61884d0d8fe7_1
b9396ed956f14db0b5aec54f9b41bbbe,1,b9396ed956f14db0b5aec54f9b41bbbe_1
1319650b7a6c43f9b3b03e8f19993da8,1,1319650b7a6c43f9b3b03e8f19993da8_1
72ab3fe3043c4d46b0bdd2db61ff16a1,1,72ab3fe3043c4d46b0bdd2db61ff16a1_1
e38c343961fa467faf0c1228e5760657,1,e38c343961fa467faf0c1228e5760657_1
abb602d68ba84df896f1c02c1ae8c7d7,1,abb602d68ba84df896f1c02c1ae8c7d7_1
0403d929e124459696a765a2da759590,1,0403d929e124459696a765a2da759590_1
00559a1338f444c18eb301f1c822b483,1,00559a1338f444c18eb301f1c822b483_1
9434d921e9264e98985c728badac6029,1,9434d921e9264e98985c728badac6029_1
9d4fbb2cc382488e9da7407bd5996bdb,1,9d4fbb2cc382488e9da7407bd5996bdb_1
225fcbc65a334e25ba1ac406b16816eb,1,225fcbc65a334e25ba1ac406b16816eb_1
0e3f9fc6cb9f462587a12431457cf4f5,1,0e3f9fc6cb9f462587a12431457cf4f5_1
78daf1700ca24c1a93d80b3bd096930f,1,78daf1700ca24c1a93d80b3bd096930f_1
420334e4062849ea9ced0c001dc028b2,1,420334e4062849ea9ced0c001dc028b2_1
ceff050e3ca8401f8ec98cf34dcbed52,1,ceff050e3ca8401f8ec98cf34dcbed52_1
febf5f02b3bd4018a49da0bcf01565b6,1,febf5f02b3bd4018a49da0bcf01565b6_1
94a1fd2c9fad4b3ba0cd990e3053a95b,1,94a1fd2c9fad4b3ba0cd990e3053a95b_1
caa8b30c5ea34df795db27becd5d727d,1,caa8b30c5ea34df795db27becd5d727d_1
85a008994bcf4d6e97c489c937892327,1,85a008994bcf4d6e97c489c937892327_1
873c46e7e6814f13a400f8a5aabec952,1,873c46e7e6814f13a400f8a5aabec952_1
457d1129b65d4d15b0fe7c1ce185b499,1,457d1129b65d4d15b0fe7c1ce185b499_1
e725f49f7d3e4c12af695339c06ad30e,1,e725f49f7d3e4c12af695339c06ad30e_1
cdbbeaa0d8ed40e8b7a839e2a96e69bd,1,cdbbeaa0d8ed40e8b7a839e2a96e69bd_1
906bc1cb82214a828b33723b56b51bea,1,906bc1cb82214a828b33723b56b51bea_1
9b36d2dc3bd74813a98b094f9d43739c,1,9b36d2dc3bd74813a98b094f9d43739c_1
2e56d3c0586a43f39e87b16041cdb7cb,1,2e56d3c0586a43f39e87b16041cdb7cb_1
702b24049ec74274a0c7b7956eb6520e,1,702b24049ec74274a0c7b7956eb6520e_1
28fd3d5671cc4e6680465b694b424021,1,28fd3d5671cc4e6680465b694b424021_1
0d9c3594cceb44c5a42c78015f31edb2,1,0d9c3594cceb44c5a42c78015f31edb2_1
fdef6e3a7d1648ed9392ec9722c63bdb,1,fdef6e3a7d1648ed9392ec9722c63bdb_1
c03c9da40efd4731a7b76dbb0189f803,1,c03c9da40efd4731a7b76dbb0189f803_1
acb1afa4ffea4a679ff46ca24dfeab37,1,acb1afa4ffea4a679ff46ca24dfeab37_1
a78f6dd6d6d746cd87d5cea5c95f97a0,1,a78f6dd6d6d746cd87d5cea5c95f97a0_1
3474cd869bd84518bf3fe77b10df7f24,1,3474cd869bd84518bf3fe77b10df7f24_1
18285919128d4ed5add1d8ab14710cbb,1,18285919128d4ed5add1d8ab14710cbb_1
7b53612ca9ba467a8e83c73040a9ee4c,1,7b53612ca9ba467a8e83c73040a9ee4c_1
03b12c6a4b6542c796e0e6cec87ea3c5,1,03b12c6a4b6542c796e0e6cec87ea3c5_1
d8f7768348504b29a9f4daed7b78418d,1,d8f7768348504b29a9f4daed7b78418d_1
63412731c46943b2aa6b440a94aa94c0,1,63412731c46943b2aa6b440a94aa94c0_1
a519597cd9284645925e1e50278898d6,1,a519597cd9284645925e1e50278898d6_1
f177f77b025a4caead45f85105b9c8a0,1,f177f77b025a4caead45f85105b9c8a0_1
55ae9f1ecfab4ea790414b569af32846,1,55ae9f1ecfab4ea790414b569af32846_1
b4c650d95a85419491bc2c3908d2480c,1,b4c650d95a85419491bc2c3908d2480c_1
a77244705d694bd3abab8873800142d4,1,a77244705d694bd3abab8873800142d4_1
b545e93b7fb5457e91f879a2bd2d9653,1,b545e93b7fb5457e91f879a2bd2d9653_1
d636ab4dc9694127b7ee28d997fbd340,1,d636ab4dc9694127b7ee28d997fbd340_1
39631f28aac84137a2e8d70163431270,1,39631f28aac84137a2e8d70163431270_1
53a00094cc6f4e59b45f6fc154809906,1,53a00094cc6f4e59b45f6fc154809906_1
b126370d74234baaad30fb89e02c3d34,1,b126370d74234baaad30fb89e02c3d34_1
0c4873b2821744d6923d007720981514,1,0c4873b2821744d6923d007720981514_1
9c98722ecdbc4b27881511159363661a,1,9c98722ecdbc4b27881511159363661a_1
2e04d71aa3b442a8ab76c9c17ac8ce0c,1,2e04d71aa3b442a8ab76c9c17ac8ce0c_1
db079eb92c924481af8431ab162de38f,1,db079eb92c924481af8431ab162de38f_1
6190d3de90b741da90bc1a2023cb3799,1,6190d3de90b741da90bc1a2023cb3799_1
6c2cd3a527904d418b1f2e5a5c149032,1,6c2cd3a527904d418b1f2e5a5c149032_1
ef33616d8f6c4084844fab724b93fa86,1,ef33616d8f6c4084844fab724b93fa86_1
15ea92ca7408453d87b2ec7bc7309acc,1,15ea92ca7408453d87b2ec7bc7309acc_1
6eea43c48b404e1c8aacb73563ea5fab,1,6eea43c48b404e1c8aacb73563ea5fab_1
39a7a76f3e104e37a1e0e78feffabc5f,1,39a7a76f3e104e37a1e0e78feffabc5f_1
f6c9a252932b43daad5acee52f876d59,1,f6c9a252932b43daad5acee52f876d59_1
c7525fab646e47c28801bd66c4f909d4,1,c7525fab646e47c28801bd66c4f909d4_1
8f97eb525750449685233a18628a0893,1,8f97eb525750449685233a18628a0893_1
1d7cb138fbce4efcb332b5621cbcc194,1,1d7cb138fbce4efcb332b5621cbcc194_1
a000fc896da943aeb5f8b345a95c3417,1,a000fc896da943aeb5f8b345a95c3417_1
423dd40160ba4f29afc9154e4fb12963,1,423dd40160ba4f29afc9154e4fb12963_1
7d638fa38b054b4facccef5b7a8c4413,1,7d638fa38b054b4facccef5b7a8c4413_1
e8f60b8cf94b4eecb10d2a42f783e8eb,1,e8f60b8cf94b4eecb10d2a42f783e8eb_1
c6025ecf17ac4cc1979fcba2f69133b9,1,c6025ecf17ac4cc1979fcba2f69133b9_1
11b582e227fc4951a89c2520f4eed6a6,1,11b582e227fc4951a89c2520f4eed6a6_1
2242e5aac4444d9881b8bb6a4c2ca07e,1,2242e5aac4444d9881b8bb6a4c2ca07e_1
60904bae49744c8dae3672c195815011,1,60904bae49744c8dae3672c195815011_1
116c92d32ff44ed2b43ceb5ac41d5d42,1,116c92d32ff44ed2b43ceb5ac41d5d42_1
4d735d5863c048a2b73d2fc2f95029ac,1,4d735d5863c048a2b73d2fc2f95029ac_1
ac65d18eace1479496830a784cc1359d,1,ac65d18eace1479496830a784cc1359d_1
e978f89efc1440bf93464699e46db9e8,1,e978f89efc1440bf93464699e46db9e8_1
c0f9b8a5f2d6496eb3b62430d4900d25,1,c0f9b8a5f2d6496eb3b62430d4900d25_1
9b16e35370bc450197934047c6160e03,1,9b16e35370bc450197934047c6160e03_1
4ac3982d1d6b40c4b7565e936476384e,1,4ac3982d1d6b40c4b7565e936476384e_1
f886e71be6d14a51ad41c043b758f37c,1,f886e71be6d14a51ad41c043b758f37c_1
85e4e07ae88e411aabec749af56b6b7e,1,85e4e07ae88e411aabec749af56b6b7e_1
482aab6070744013a360377e0e441522,1,482aab6070744013a360377e0e441522_1
4d0dcc76e28c4ad2a51059aac85d25eb,1,4d0dcc76e28c4ad2a51059aac85d25eb_1
beed544a2e5144d88ac922ab5686b1a1,1,beed544a2e5144d88ac922ab5686b1a1_1
c89d3b1a78c74d3f915be6010a06775a,1,c89d3b1a78c74d3f915be6010a06775a_1
6781bd5f814541c5bb6419aaf76657f2,1,6781bd5f814541c5bb6419aaf76657f2_1
2f114b3399244f3a93d3a1e121c1a16a,1,2f114b3399244f3a93d3a1e121c1a16a_1
f04506bb219f4ebb950971d1ec1aa6bd,1,f04506bb219f4ebb950971d1ec1aa6bd_1
7afed0fd7af941d1941e5684dd898e31,1,7afed0fd7af941d1941e5684dd898e31_1
86fadfa4842345cf8cac15e8ded0f3a4,1,86fadfa4842345cf8cac15e8ded0f3a4_1
811d044382d84fc482ff6fc3a505d6ad,1,811d044382d84fc482ff6fc3a505d6ad_1
dace74fdc6a943b8b38116b0c5154ac4,1,dace74fdc6a943b8b38116b0c5154ac4_1
5d522f753f1845ca90cfa839a51c6c67,1,5d522f753f1845ca90cfa839a51c6c67_1
f7af17672ed549aea7d58638b11f3e43,1,f7af17672ed549aea7d58638b11f3e43_1
86155e33fc4c4e80adf9f70fe204caea,1,86155e33fc4c4e80adf9f70fe204caea_1
5b56de110a574c9a80c6d3da28bcd13f,1,5b56de110a574c9a80c6d3da28bcd13f_1
00ae575033054ce3ba68d2d3e1ba30e2,1,00ae575033054ce3ba68d2d3e1ba30e2_1
6a1d90adeb664862a6f069881f5026fd,1,6a1d90adeb664862a6f069881f5026fd_1
01763d48ee644bbb99bffb1a63c18bb4,1,01763d48ee644bbb99bffb1a63c18bb4_1
007bf899fb5b4a3b8105183d0ca56cfa,1,007bf899fb5b4a3b8105183d0ca56cfa_1
a4ae27b0bf2d42399663c4ceb7ca1d10,1,a4ae27b0bf2d42399663c4ceb7ca1d10_1
f728d58bda4c48f8af2260a27fb7649b,1,f728d58bda4c48f8af2260a27fb7649b_1
1256d04df15142e88f0f53706fd1d554,1,1256d04df15142e88f0f53706fd1d554_1
4a363f5d5794470fa13857c70078ed71,1,4a363f5d5794470fa13857c70078ed71_1
9caa753cdcc140a493fd9c5d2722424c,1,9caa753cdcc140a493fd9c5d2722424c_1
e5a9d995392f40f7a797f9e914d0992e,1,e5a9d995392f40f7a797f9e914d0992e_1
eadc63a6b6464ab0a2c0fd19e143f1cd,1,eadc63a6b6464ab0a2c0fd19e143f1cd_1
4bbfd285f51d4d4d9edaa06634a4eeef,1,4bbfd285f51d4d4d9edaa06634a4eeef_1
983c78ce623f4d03aa3e988042bde45f,1,983c78ce623f4d03aa3e988042bde45f_1
ba7a4b3c43744aebaf49be267a6a6065,1,ba7a4b3c43744aebaf49be267a6a6065_1
778859086e614aefba2db887fc052803,1,778859086e614aefba2db887fc052803_1
26c66d7644014471be1aa48283eb6c4b,1,26c66d7644014471be1aa48283eb6c4b_1
47f322553d3d43eb981964d36de86241,1,47f322553d3d43eb981964d36de86241_1
b176be4d2ea04d1781a9a5650fb501ed,1,b176be4d2ea04d1781a9a5650fb501ed_1
6f0b58a43a9546a5b696c94d5c242532,1,6f0b58a43a9546a5b696c94d5c242532_1
8983932c7e3047d981d3908d33f70b7c,1,8983932c7e3047d981d3908d33f70b7c_1
b72e80e2e7cc4ea18bf3af6ab9e41aff,1,b72e80e2e7cc4ea18bf3af6ab9e41aff_1
ef2bb7dc15c44531a19e11a35b71230d,1,ef2bb7dc15c44531a19e11a35b71230d_1
d240607064cd46a3991f63575d91367a,1,d240607064cd46a3991f63575d91367a_1
72c0f64ae09c4cbf894f1fffb731e7b4,1,72c0f64ae09c4cbf894f1fffb731e7b4_1
ec0565d7079043db9340ea3d59824bd7,1,ec0565d7079043db9340ea3d59824bd7_1
d87a9dfefe6f4153b831384d14bf84da,1,d87a9dfefe6f4153b831384d14bf84da_1
50ff9513e18a448294c4be1984370998,1,50ff9513e18a448294c4be1984370998_1
a25baf54ff334bb686914707e4bfd7d5,1,a25baf54ff334bb686914707e4bfd7d5_1
d707eea274d14166899cafc7a40a0bca,1,d707eea274d14166899cafc7a40a0bca_1
62ef1005ba554d72918ae8c58ad7cda6,1,62ef1005ba554d72918ae8c58ad7cda6_1
a0278d94685f4a20be793ae375f4238e,1,a0278d94685f4a20be793ae375f4238e_1
3be1cb2d192f44c6bab861cb49396aea,1,3be1cb2d192f44c6bab861cb49396aea_1
9950fe722b4c4306b821b9b2d29cc386,1,9950fe722b4c4306b821b9b2d29cc386_1
91cab6eb9d394feeba44f3cdfad9dd74,1,91cab6eb9d394feeba44f3cdfad9dd74_1
66d1dcfece91411b9d2c48e9339415af,1,66d1dcfece91411b9d2c48e9339415af_1
e28194e36a5340ecb67b3819da8d4ee1,1,e28194e36a5340ecb67b3819da8d4ee1_1
b938b3b481f647f1a04d683be567b71d,1,b938b3b481f647f1a04d683be567b71d_1
e8d2a0030e4248a48ad443c39a5e41d6,1,e8d2a0030e4248a48ad443c39a5e41d6_1
523d0b1b855f4616988f2c75fe4f094c,1,523d0b1b855f4616988f2c75fe4f094c_1
90f0fd25ea7b4581b880e33c2fe79bf8,1,90f0fd25ea7b4581b880e33c2fe79bf8_1
c1a48efd3aec46b890b67119fdc00448,1,c1a48efd3aec46b890b67119fdc00448_1
2eaba9a1b8f84949ba2456f6a927e0cf,1,2eaba9a1b8f84949ba2456f6a927e0cf_1
e9b0260b217547da9d3a87b041431e3e,1,e9b0260b217547da9d3a87b041431e3e_1
0ea9228f159d463898bcf9154c02ae52,1,0ea9228f159d463898bcf9154c02ae52_1
fed6ebff90f94f43ababc2042e6c96e3,1,fed6ebff90f94f43ababc2042e6c96e3_1
d68e6d8770454dee84e09b02acb2e4c5,1,d68e6d8770454dee84e09b02acb2e4c5_1
6ddf9724a3b14722ac13c767ad5d5d95,1,6ddf9724a3b14722ac13c767ad5d5d95_1
b9aca06c18bc41a1b60c9f53dae3e970,1,b9aca06c18bc41a1b60c9f53dae3e970_1
ef872a5bc85e49d88fd505def83c4c07,1,ef872a5bc85e49d88fd505def83c4c07_1
a027ca84a9af4b36a8366f5dac7dff89,1,a027ca84a9af4b36a8366f5dac7dff89_1
2746fece475344aba5ef61ac175f5a98,1,2746fece475344aba5ef61ac175f5a98_1
d1dda89b90b5414aa7c6d8c7f86f5cd2,1,d1dda89b90b5414aa7c6d8c7f86f5cd2_1
ab62d66958e3441693c9ca5074fffbc8,1,ab62d66958e3441693c9ca5074fffbc8_1
cda2964f6c0b47279e3cc6a4d6f910ff,1,cda2964f6c0b47279e3cc6a4d6f910ff_1
a2568b29833740bbb27db3c1bf380e77,1,a2568b29833740bbb27db3c1bf380e77_1
fee84463bb5c4b13aa6149447a1dcf97,1,fee84463bb5c4b13aa6149447a1dcf97_1
f0cae4bc08a246719010d58f102d63cc,1,f0cae4bc08a246719010d58f102d63cc_1
7d6742b7e8484e91aba44d9274ce9aa1,1,7d6742b7e8484e91aba44d9274ce9aa1_1
2c116fe6511e40a5ad1b19510ebe844b,1,2c116fe6511e40a5ad1b19510ebe844b_1
bb4d6c3c8dd44abbb8e49ef6bf038fdc,1,bb4d6c3c8dd44abbb8e49ef6bf038fdc_1
8638375effca4ef892d27e727da41ddc,1,8638375effca4ef892d27e727da41ddc_1
f4a2b8cfb89940b28a03be65b2ba5945,1,f4a2b8cfb89940b28a03be65b2ba5945_1
7dc784589e0048b284f7f961fadbb2af,1,7dc784589e0048b284f7f961fadbb2af_1
7a011afc976a4baca14f61922f282713,1,7a011afc976a4baca14f61922f282713_1
3144ea5aec4e46d89055f373dab7a6a0,1,3144ea5aec4e46d89055f373dab7a6a0_1
8bbd2fdc87be443b8192fd01a6843baa,1,8bbd2fdc87be443b8192fd01a6843baa_1
d87bac5865c64f8ea293f46ea15588ca,1,d87bac5865c64f8ea293f46ea15588ca_1
d794e51f117246ba9c4d7338900957d9,1,d794e51f117246ba9c4d7338900957d9_1
71da8a8e6c5743178a03381b1778a190,1,71da8a8e6c5743178a03381b1778a190_1
e276db7c21134a24ad5a8554c82fd985,1,e276db7c21134a24ad5a8554c82fd985_1
4bf1d42e9d0a40de847d714f55fe5e33,1,4bf1d42e9d0a40de847d714f55fe5e33_1
0749d437443c4b859ca221aba1127fc1,1,0749d437443c4b859ca221aba1127fc1_1
4ff2349205c24208b412e757fcc7b12b,1,4ff2349205c24208b412e757fcc7b12b_1
6667f28e7e0e488ba9eb48fcd310b370,1,6667f28e7e0e488ba9eb48fcd310b370_1
a20b2754e05b4d2788b38213f3b3ff35,1,a20b2754e05b4d2788b38213f3b3ff35_1
3bfb8ecde5584f47851ad8c6959c3419,1,3bfb8ecde5584f47851ad8c6959c3419_1
8d8c7b4c3e024231a075964a210f6220,1,8d8c7b4c3e024231a075964a210f6220_1
78920c472af6473f9ad52098a6e330e2,1,78920c472af6473f9ad52098a6e330e2_1
a77dd509a8154ed593e7fa9307e17134,1,a77dd509a8154ed593e7fa9307e17134_1
3fd5734fc9894c2caff60c16c0752003,1,3fd5734fc9894c2caff60c16c0752003_1
e58dcbe669c947c7be52cdc3d28e6cf1,1,e58dcbe669c947c7be52cdc3d28e6cf1_1
1808c85ebc604dd28b02adee9ba67ccf,1,1808c85ebc604dd28b02adee9ba67ccf_1
e80640b3acb943b38540a19c0dd773d9,1,e80640b3acb943b38540a19c0dd773d9_1
da4c1d94ad5345cba46b0bf74765641b,1,da4c1d94ad5345cba46b0bf74765641b_1
9f94dc943328489d9c600192a36d4e8f,1,9f94dc943328489d9c600192a36d4e8f_1
6e40751dee04434190d72af56d0cfafb,1,6e40751dee04434190d72af56d0cfafb_1
aacf2ffdba4b4656a2b69bb555cd03f1,1,aacf2ffdba4b4656a2b69bb555cd03f1_1
0d8a97bf99454eac9b452ebbf9620264,1,0d8a97bf99454eac9b452ebbf9620264_1
73ab8a76f4c7407a842b2e1a12697486,1,73ab8a76f4c7407a842b2e1a12697486_1
c5c1e425792e464794d86ba6934210f9,1,c5c1e425792e464794d86ba6934210f9_1
e428b506aab54de18dee6c27a90ef303,1,e428b506aab54de18dee6c27a90ef303_1
d0ef3426d2cd477a812c11ed89b398bb,1,d0ef3426d2cd477a812c11ed89b398bb_1
8514f6c540184740b85f4743a464d7ea,1,8514f6c540184740b85f4743a464d7ea_1
92cf2ad984f147ff9d171c4e1b9b577d,1,92cf2ad984f147ff9d171c4e1b9b577d_1
827782a8fbfd4d069eb6216cfdc5f7ac,1,827782a8fbfd4d069eb6216cfdc5f7ac_1
9b69c3743c5c4d19ad12e4833991aadb,1,9b69c3743c5c4d19ad12e4833991aadb_1
c8cb9ad2666b4662a664369fd3c7beb9,1,c8cb9ad2666b4662a664369fd3c7beb9_1
f20c88cd5e304786b99bc8edde7439ae,1,f20c88cd5e304786b99bc8edde7439ae_1
43f12d18196d43fbacf65c4e8d411706,1,43f12d18196d43fbacf65c4e8d411706_1
a184dd6714394b5d88014b8a694c3974,1,a184dd6714394b5d88014b8a694c3974_1
4441884a384141df9b3db4bb7f95c3de,1,4441884a384141df9b3db4bb7f95c3de_1
aeb02317881b49ccb80b3e7bac055d9d,1,aeb02317881b49ccb80b3e7bac055d9d_1
300b32c974e14cb7a4734ad571c15b9f,1,300b32c974e14cb7a4734ad571c15b9f_1
36f352579043418f8548cf9344ade457,1,36f352579043418f8548cf9344ade457_1
72e431f17b914ceda70fe97dd2668b39,1,72e431f17b914ceda70fe97dd2668b39_1
2c90404e5dfb44889d514657a42849c0,1,2c90404e5dfb44889d514657a42849c0_1
a0668a13cb414cda8cd35796d4119cb3,1,a0668a13cb414cda8cd35796d4119cb3_1
22f15b0feded4f0c9952958b7ed87f1f,1,22f15b0feded4f0c9952958b7ed87f1f_1
a6ffbb61aff542f88cb6129df2fe1682,1,a6ffbb61aff542f88cb6129df2fe1682_1
3d5a9b4986e94c65a76b28ba469b5f50,1,3d5a9b4986e94c65a76b28ba469b5f50_1
f3de0960326e4fd0a5cd6960a10dd5f0,1,f3de0960326e4fd0a5cd6960a10dd5f0_1
c488e85f77234d308046c3754064dc28,1,c488e85f77234d308046c3754064dc28_1
a74284038732456aa4e57789a24a20ac,1,a74284038732456aa4e57789a24a20ac_1
22e01a2be1104fd6bb0df1ae02872c8e,1,22e01a2be1104fd6bb0df1ae02872c8e_1
e352ee5433aa4c2eabf5121d38687561,1,e352ee5433aa4c2eabf5121d38687561_1
70f4cec64d7d4742b161db89db3c619a,1,70f4cec64d7d4742b161db89db3c619a_1
3bf061865d224f13b41faab8f439b214,1,3bf061865d224f13b41faab8f439b214_1
b22843ee344c4c25bb894d9bf87e76a2,1,b22843ee344c4c25bb894d9bf87e76a2_1
32189988b13f42c19271425645474ea1,1,32189988b13f42c19271425645474ea1_1
67735e76ebd6449a94889488741ef1a2,1,67735e76ebd6449a94889488741ef1a2_1
c5f2550071b94006a2e6942adff97adc,1,c5f2550071b94006a2e6942adff97adc_1
c714a7953b374663813df1b355d631fc,1,c714a7953b374663813df1b355d631fc_1
bfb4d25b05154a2ea2b9089d5717fc87,1,bfb4d25b05154a2ea2b9089d5717fc87_1
de72549ccf484372a12f281332a8d762,1,de72549ccf484372a12f281332a8d762_1
39c2562209cc4e08b47f9db2c439a603,1,39c2562209cc4e08b47f9db2c439a603_1
2471236904d8470ebb6db7347cb5645d,1,2471236904d8470ebb6db7347cb5645d_1
3f5eedbbd60142dcacb0d70e0f2abc8f,1,3f5eedbbd60142dcacb0d70e0f2abc8f_1
f670f186dba64e68852471ed8551cafb,1,f670f186dba64e68852471ed8551cafb_1
bbd1d303c8cb4479bcdeae8529ad881d,1,bbd1d303c8cb4479bcdeae8529ad881d_1
ab16572e8cc84cc09892740f6930a3e6,1,ab16572e8cc84cc09892740f6930a3e6_1
23ce3b6cf164467386e2b34db908dbc3,1,23ce3b6cf164467386e2b34db908dbc3_1
4dad8117d3c946ef9c021aac9e5ded02,1,4dad8117d3c946ef9c021aac9e5ded02_1
8e822ce1089741febae586c5fef99124,1,8e822ce1089741febae586c5fef99124_1
56201a8ac9c64665aa6d236dbc79daf4,1,56201a8ac9c64665aa6d236dbc79daf4_1
a1abc4a69bb84c11804ce189966d967d,1,a1abc4a69bb84c11804ce189966d967d_1
